id,text,created_at,author_id,retweet_count,like_count,reply_count,quote_count,sentiment,polarity,subjectivity,combined_score,query,analyzed_at
1945895019463745558,"RT @JOBCORNER247: Free Computer Science Certifications to try in 2025: 

üî∏GIT
https://t.co/quMliINyql

üî∏Python
https://t.co/xi4b4VgjWa

üî∏SQ‚Ä¶",2025-07-17 17:15:00+00:00,179441314,47,0,0,0,Positive,0.4,0.8,0.2,python programming,2025-07-17 22:45:47.453849
1945894322387230781,"RT @JOBCORNER247: Free Computer Science Certifications to try in 2025: 

üî∏GIT
https://t.co/quMliINyql

üî∏Python
https://t.co/xi4b4VgjWa

üî∏SQ‚Ä¶",2025-07-17 17:12:14+00:00,1913575946080395264,47,0,0,0,Positive,0.4,0.8,0.2,python programming,2025-07-17 22:45:47.457571
1945893803878969733,"Mars Walk

#Space #Mars #DavidBowie 

‚Äî-

#artificialintelligence #ai #machinelearning #aiart #digitalart #technology #art #aiartcommunity #midjourney #datascience #generativeart #innovation #tech #deeplearning #python #midjourneyart #aiartwork #aiartist #programming #robotics https://t.co/vvuGzQcRqS",2025-07-17 17:10:10+00:00,1940137842799263744,0,0,0,0,Neutral,0.0,0.0,0.0,python programming,2025-07-17 22:45:47.457609
1945893440166003019,"Day 16 - Learning Python Basics of OOPs
‚Ä¢Learned Object-Oriented Programming concepts
‚Ä¢Covered:
‚Ä¢Classes &amp; Objects
‚Ä¢__init__() constructor
‚Ä¢Instance variables
‚Ä¢Methods (self keyword)
‚Ä¢Encapsulation basics
‚Ä¢How to create n use multiple objects from a class",2025-07-17 17:08:43+00:00,1252235711081660417,0,0,0,0,Neutral,0.0,0.0,0.0,python programming,2025-07-17 22:45:47.457636
1945893350067823035,"RT @JOBCORNER247: Free Computer Science Certifications to try in 2025: 

üî∏GIT
https://t.co/quMliINyql

üî∏Python
https://t.co/xi4b4VgjWa

üî∏SQ‚Ä¶",2025-07-17 17:08:22+00:00,1167260009249595392,47,0,0,0,Positive,0.4,0.8,0.2,python programming,2025-07-17 22:45:47.457654
1945893325514645737,"RT @JOBCORNER247: Free Computer Science Certifications to try in 2025: 

üî∏GIT
https://t.co/quMliINyql

üî∏Python
https://t.co/xi4b4VgjWa

üî∏SQ‚Ä¶",2025-07-17 17:08:16+00:00,1415906709718003713,47,0,0,0,Positive,0.4,0.8,0.2,python programming,2025-07-17 22:45:47.457671
1945893123114020939,"@Python_Dv Ctrl+,
Ctrl+Shift+P,
Ctrl+N,
Ctrl+B

Developer or not, you'll end up using it in VS Code or any other Microsoft product.

Mastery without shortcuts is a waste of time &amp; effort. Just like programming without AI.",2025-07-17 17:07:28+00:00,1447373086156808193,0,0,0,0,Neutral,-0.1625,0.1875,-0.06696428571428571,python programming,2025-07-17 22:45:47.457686
1945893067380109734,"RT @LifeWithDevante: It‚Äôs hilarious when people try to tell a tech guy such as myself about bots, someone who can LITERALLY build them from‚Ä¶",2025-07-17 17:07:14+00:00,2511289532,6,0,0,0,Positive,0.25,0.75,0.125,python programming,2025-07-17 22:45:47.457700
1945891515034751445,"RT @mfaisal_khatri: Practical Python Programming Course (Free)
https://t.co/nECv8Ze2nQ",2025-07-17 17:01:04+00:00,435316201,1,0,0,0,Positive,0.4,0.8,0.2,python programming,2025-07-17 22:45:47.457715
1945891462136168649,"RT @JOBCORNER247: Free Computer Science Certifications to try in 2025: 

üî∏GIT
https://t.co/quMliINyql

üî∏Python
https://t.co/xi4b4VgjWa

üî∏SQ‚Ä¶",2025-07-17 17:00:52+00:00,1556687162237628416,47,0,0,0,Positive,0.4,0.8,0.2,python programming,2025-07-17 22:45:47.457729
1945891439189323942,"RT @JOBCORNER247: Free Computer Science Certifications to try in 2025: 

üî∏GIT
https://t.co/quMliINyql

üî∏Python
https://t.co/xi4b4VgjWa

üî∏SQ‚Ä¶",2025-07-17 17:00:46+00:00,835381320025006080,47,0,0,0,Positive,0.4,0.8,0.2,python programming,2025-07-17 22:45:47.457747
1945891205893533922,"RT @JOBCORNER247: Free Computer Science Certifications to try in 2025: 

üî∏GIT
https://t.co/quMliINyql

üî∏Python
https://t.co/xi4b4VgjWa

üî∏SQ‚Ä¶",2025-07-17 16:59:51+00:00,1327110454049714181,47,0,0,0,Positive,0.4,0.8,0.2,python programming,2025-07-17 22:45:47.457779
1945891181008707652,"RT @malhubng: Give your child a head start in tech with MALhub‚Äôs Summer Coding Training for Kids!

This program will introduce them to the‚Ä¶",2025-07-17 16:59:45+00:00,1033445532520394756,1,0,0,0,Neutral,0.0,0.0,0.0,python programming,2025-07-17 22:45:47.457794
1945890887008915901,RT @EarthLabCU: Kickstart your career in the rapidly growing field of #earthdatascience with @CUBoulder's Earth Data Analytics Professional‚Ä¶,2025-07-17 16:58:35+00:00,1537106829573902336,1,0,0,0,Neutral,0.1,0.1,0.05,python programming,2025-07-17 22:45:47.458748
1945890366257000956,"RT @iam_chonchol: 5 FREE Programming Books for Developers üî•

1. Eloquent JS
https://t.co/dswkVRF6rl

2. Tackling TypeScript
https://t.co/uU‚Ä¶",2025-07-17 16:56:30+00:00,1933619890180796419,7,0,0,0,Positive,0.4,0.8,0.2,python programming,2025-07-17 22:45:47.458786
1945889501483561283,"RT @LifeWithDevante: It‚Äôs hilarious when people try to tell a tech guy such as myself about bots, someone who can LITERALLY build them from‚Ä¶",2025-07-17 16:53:04+00:00,897193565721427968,6,0,0,0,Positive,0.25,0.75,0.125,python programming,2025-07-17 22:45:47.458810
1945889200546472105,"RT @LifeWithDevante: It‚Äôs hilarious when people try to tell a tech guy such as myself about bots, someone who can LITERALLY build them from‚Ä¶",2025-07-17 16:51:52+00:00,597804646,6,0,0,0,Positive,0.25,0.75,0.125,python programming,2025-07-17 22:45:47.458829
1945888843519127885,"RT @samicoder0: Master Python Programming: From Basics to Advanced Concepts""

1.Python Programming: Zero to Hero in 30 Days
2.Master Python‚Ä¶",2025-07-17 16:50:27+00:00,1910905588323934209,3,0,0,0,Positive,0.4,0.6,0.2,python programming,2025-07-17 22:45:47.458959
1945888674396127481,"RT @ThisIsNUST: Join the 5-day Programming in Python workshop by the School of Mechanical and Manufacturing Engineering (SMME), NUST from 2‚Ä¶",2025-07-17 16:49:47+00:00,53949700,0,0,0,0,Neutral,0.0,0.0,0.0,python programming,2025-07-17 22:45:47.458982
1945888579906904109,"RT @rasangarocks: Mathematics of Machine Learning: Master linear algebra, calculus, and probability for machine learning

Link - https://t.‚Ä¶",2025-07-17 16:49:24+00:00,3068484222,2,0,0,0,Neutral,0.0,0.0,0.0,python programming,2025-07-17 22:45:47.459000
1945888495597134181,"Day 78/90 of #90daysofTypescript Today Work üëá 
 üì∑‚úÖ 90 Days of Typescript On Leetcode   
 
üì∑GitHub: https://t.co/RmwemuILHu 
LinkedIn: https://t.co/V0IEMJcRsm‚Ä¶ 
Happy CodingüöÄ
  #developer #programming #coding #programmer #typescript  #python #Java #ai #artificalintelligence https://t.co/fja2oLKrsg",2025-07-17 16:49:04+00:00,1209653948916748288,0,1,0,0,Positive,0.8,1.0,0.43846153846153846,python programming,2025-07-17 22:45:47.459018
1945888455617331499,"RT @pushpendratips: All programming Handwritten notesüî•

Just for FREE !!

‚Ä¢ html
‚Ä¢ CSS
‚Ä¢ Git
‚Ä¢ Sql
‚Ä¢ DSA
‚Ä¢ Java
‚Ä¢ DBMS
‚Ä¢ Python
‚Ä¢ Node.js
‚Ä¢‚Ä¶",2025-07-17 16:48:55+00:00,1457709598668845056,118,0,0,0,Positive,0.4,0.8,0.2,python programming,2025-07-17 22:45:47.459039
1945887390796771357,"RT @JOBCORNER247: Free Computer Science Certifications to try in 2025: 

üî∏GIT
https://t.co/quMliINyql

üî∏Python
https://t.co/xi4b4VgjWa

üî∏SQ‚Ä¶",2025-07-17 16:44:41+00:00,1845453954152529923,47,0,0,0,Positive,0.4,0.8,0.2,python programming,2025-07-17 22:45:47.459057
1945887307162136821,"RT @JOBCORNER247: Free Computer Science Certifications to try in 2025: 

üî∏GIT
https://t.co/quMliINyql

üî∏Python
https://t.co/xi4b4VgjWa

üî∏SQ‚Ä¶",2025-07-17 16:44:21+00:00,1628623087,47,0,0,0,Positive,0.4,0.8,0.2,python programming,2025-07-17 22:45:47.459074
1945886733935206766,"Give your child a head start in tech with MALhub‚Äôs Summer Coding Training for Kids!

This program will introduce them to the world of tech in a way that‚Äôs simple, interactive, and inspiring.

 What they'll learn:
- Scratch Programming
- Python Coding
- Web &amp; App Development

‚úÖ https://t.co/61JcdWvkGr",2025-07-17 16:42:04+00:00,866640159193935872,1,2,0,1,Positive,0.25,0.6785714285714286,0.125,python programming,2025-07-17 22:45:47.459092
1945886483581198388,"RT @LifeWithDevante: It‚Äôs hilarious when people try to tell a tech guy such as myself about bots, someone who can LITERALLY build them from‚Ä¶",2025-07-17 16:41:05+00:00,1577056185261465610,6,0,0,0,Positive,0.25,0.75,0.125,python programming,2025-07-17 22:45:47.459116
1945886441910771839,RT @gp_pulipaka: Best Libraries for Data #Science to Know! #BigData #Analytics #DataScience #AI #MachineLearning #IoT #IIoT #Python #RStats‚Ä¶,2025-07-17 16:40:55+00:00,395163889,4,0,0,0,Positive,1.0,0.3,0.5714285714285714,python programming,2025-07-17 22:45:47.459133
1945886300541776302,"RT @Python_Dv: #Python Crash Course, 3rd Edition: A Hands-On, Project-Based Introduction to #Programming https://t.co/s9U2HA2xsq

You‚Äôll st‚Ä¶",2025-07-17 16:40:21+00:00,273152886,53,0,0,0,Neutral,0.0,0.0,0.0,python programming,2025-07-17 22:45:47.459150
1945885992721785096,"Apache Hive Installation Steps on Ubuntu

https://t.co/UTfcWMZhed

#hive #apachehive #bigdata #hadop #programmer #programming #coding #developer #python #coder #code #computerscience #technology #codinglife #softwaredeveloper #software #tech #programmers https://t.co/St8XwgZSpr",2025-07-17 16:39:08+00:00,4375073113,0,0,0,0,Neutral,0.0,0.0,0.0,python programming,2025-07-17 22:45:47.459166
1945885505565889008,"RT @JOBCORNER247: Free Computer Science Certifications to try in 2025: 

üî∏GIT
https://t.co/quMliINyql

üî∏Python
https://t.co/xi4b4VgjWa

üî∏SQ‚Ä¶",2025-07-17 16:37:11+00:00,1646613042216730626,47,0,0,0,Positive,0.4,0.8,0.2,python programming,2025-07-17 22:45:47.459182
1945885116989075914,Day 1 : - Studied a bit for programming test - Python(IIT M BS) . Hoping to focus more on strivers DSA and Harkirat's cohort after the exams. https://t.co/cZ11bUissd,2025-07-17 16:35:39+00:00,1587342039204745216,0,0,0,0,Positive,0.5,0.5,0.25,python programming,2025-07-17 22:45:47.459200
1945884614536609850,"RT @pushpendratips: All programming Handwritten notesüî•

Just for FREE !!

‚Ä¢ html
‚Ä¢ CSS
‚Ä¢ Git
‚Ä¢ Sql
‚Ä¢ DSA
‚Ä¢ Java
‚Ä¢ DBMS
‚Ä¢ Python
‚Ä¢ Node.js
‚Ä¢‚Ä¶",2025-07-17 16:33:39+00:00,1871616658516967424,118,0,0,0,Positive,0.4,0.8,0.2,python programming,2025-07-17 22:45:47.459215
1945884249493533132,"RT @Parajulisaroj16: Web development, scientific computing, data analysis, artificial intelligence, and more use¬†Python as a versatile prog‚Ä¶",2025-07-17 16:32:12+00:00,1601254568712704001,6,0,0,0,Neutral,-0.04999999999999999,0.75,-0.024999999999999994,python programming,2025-07-17 22:45:47.459232
1945884150101413916,"RT @JOBCORNER247: Free Computer Science Certifications to try in 2025: 

üî∏GIT
https://t.co/quMliINyql

üî∏Python
https://t.co/xi4b4VgjWa

üî∏SQ‚Ä¶",2025-07-17 16:31:48+00:00,854481462741131265,47,0,0,0,Positive,0.4,0.8,0.2,python programming,2025-07-17 22:45:47.459248
1945883798970974397,"https://t.co/We3ffFuqeL

#100Daysofcode  #programming  #CodeNewbie #python #DataScience #gamedev #BigData #Coding #DataScience #MachineLearning #NeuralNetworks  #OpenSource #AI  #DEVCommunity #codinglife #python #javascript

Buy Negative Google Reviews https://t.co/4bZFj5igj9",2025-07-17 16:30:25+00:00,1944785820575256577,0,0,0,0,Negative,-0.3,0.4,-0.15,python programming,2025-07-17 22:45:47.459265
1945882595914362981,"RT @rasangarocks: The Dark Hundred-Page Language Models Book

Link - https://t.co/vXpBwgouzO

#MachineLearning #ML #AI #ArtificialIntellige‚Ä¶",2025-07-17 16:25:38+00:00,3068484222,3,0,0,0,Neutral,-0.15,0.4,-0.075,python programming,2025-07-17 22:45:47.459280
1945882288669028731,"RT @tinztwins: What is the best programming language of all time?

In our opinion: Python",2025-07-17 16:24:25+00:00,1370413083693346824,1,0,0,0,Positive,1.0,0.3,0.5357142857142857,python programming,2025-07-17 22:45:47.459296
1945881734228103451,"RT @LifeWithDevante: It‚Äôs hilarious when people try to tell a tech guy such as myself about bots, someone who can LITERALLY build them from‚Ä¶",2025-07-17 16:22:12+00:00,325852346,6,0,0,0,Positive,0.25,0.75,0.125,python programming,2025-07-17 22:45:47.459313
1945881514568462433,"Solved a medium level problem leetcode 54(spiral matrix) by the knowledge I gained by studying consistently for 2 days
#leetcode #consistencyiskey #programming #pythonlearning #pythonprogramming #Python #DSA #dsainpython",2025-07-17 16:21:20+00:00,1380431179451535360,0,2,0,0,Positive,0.25,0.25,0.125,python programming,2025-07-17 22:45:47.459329
1945880707164688730,"RT @JOBCORNER247: Free Computer Science Certifications to try in 2025: 

üî∏GIT
https://t.co/quMliINyql

üî∏Python
https://t.co/xi4b4VgjWa

üî∏SQ‚Ä¶",2025-07-17 16:18:07+00:00,2766643372,47,0,0,0,Positive,0.4,0.8,0.2,python programming,2025-07-17 22:45:47.459345
1945880578051424538,"RT @LifeWithDevante: It‚Äôs hilarious when people try to tell a tech guy such as myself about bots, someone who can LITERALLY build them from‚Ä¶",2025-07-17 16:17:37+00:00,1554991453662838784,6,0,0,0,Positive,0.25,0.75,0.125,python programming,2025-07-17 22:45:47.459363
1945880388225908883,"Day37 of Python with Programming Paglu üéÄ

üìÅ Today I built a CSV Expense Tracker in Python!

‚úÖ Add Expenses  
üìñ View Records  
üí∏ Calculate Total Spent  

Learned to use the `csv` module like a pro! üíªüêç

#100DaysOfCode #Python #CodeNewbie #DevJourney https://t.co/F1i5BuBmxt",2025-07-17 16:16:51+00:00,1871212676388417536,0,1,0,0,Neutral,-0.05,0.425,-0.008870967741935486,python programming,2025-07-17 22:45:47.459379
1945879814985908486,RT @gp_pulipaka: Best Deep Learning Books! #BigData #Analytics #DataScience #IoT #IIoT #PyTorch #Python #RStats #TensorFlow #Java #JavaScri‚Ä¶,2025-07-17 16:14:35+00:00,992943418052460544,5,0,0,0,Positive,0.5,0.35,0.35,python programming,2025-07-17 22:45:47.459397
1945879686766268538,"https://t.co/esFcJPLd5d

#programming  #CodeNewbie #python #DataScience #gamedev #BigData #Coding #DataScience #MachineLearning #NeuralNetworks  #OpenSource #AI  #DEVCommunity #codinglife #python #javascript #nodejs #WomenWhoCode

Buy Zillow Reviews https://t.co/HgRdADS2ck",2025-07-17 16:14:04+00:00,1944785820575256577,0,0,0,0,Neutral,0.0,0.0,0.0,python programming,2025-07-17 22:45:47.459413
1945878521081159904,"RT @pushpendratips: All programming Handwritten notesüî•

Just for FREE !!

‚Ä¢ html
‚Ä¢ CSS
‚Ä¢ Git
‚Ä¢ Sql
‚Ä¢ DSA
‚Ä¢ Java
‚Ä¢ DBMS
‚Ä¢ Python
‚Ä¢ Node.js
‚Ä¢‚Ä¶",2025-07-17 16:09:26+00:00,1878689498697175040,118,0,0,0,Positive,0.4,0.8,0.2,python programming,2025-07-17 22:45:47.459428
1945877206758052180,Kickstart your career in the rapidly growing field of #earthdatascience with @CUBoulder's Earth Data Analytics Professional Certificate. Complete it online in 1 year. Apply by August 8th! #python #programming https://t.co/sZInEMYP7j https://t.co/6QioEo1kNJ,2025-07-17 16:04:13+00:00,775785252786544641,1,2,0,0,Neutral,0.1,0.25,0.05,python programming,2025-07-17 22:45:47.459445
1945876917850079450,@brainjotter__ A new apartment and a high spec PC to learn Python programming. Help me boss. #Neoisplatnova,2025-07-17 16:03:04+00:00,1499831580788985873,0,0,0,0,Neutral,0.1481818181818182,0.4972727272727273,0.0740909090909091,python programming,2025-07-17 22:45:47.459460
1945876767245218209,"RT @pushpendratips: All programming Handwritten notesüî•

Just for FREE !!

‚Ä¢ html
‚Ä¢ CSS
‚Ä¢ Git
‚Ä¢ Sql
‚Ä¢ DSA
‚Ä¢ Java
‚Ä¢ DBMS
‚Ä¢ Python
‚Ä¢ Node.js
‚Ä¢‚Ä¶",2025-07-17 16:02:28+00:00,1621350043499335680,118,0,0,0,Positive,0.4,0.8,0.2,python programming,2025-07-17 22:45:47.459476
1945876639084073467,"@StEiyashou i wasnt expecting anything complex but i had higher standards since my middle school programming class which i didnt sign up for actually ended with me making a real website, the teacher didnt like me tho ;_;
it was 50% diversity shit, 20% anxiety coaching, 30% self taught python",2025-07-17 16:01:58+00:00,1719337630330970112,0,1,1,0,Neutral,-0.008333333333333331,0.35000000000000003,0.006944444444444446,python programming,2025-07-17 22:45:47.459493
1945876499577315456,"Contacting their support is totally pointless Dm now for any Recovery of Hacking Problems 
#ArtificialIntelligence #AI #ML #facebookdown #Instagram #Telegram #NFT #deeplearning #snapchatdown #Python #Coding  #javascript #rstats #100DaysOfCode #programming #Linux https://t.co/hsZBwg9JUr",2025-07-17 16:01:24+00:00,1643561812938432512,0,0,0,0,Negative,-0.25,0.5,-0.125,python programming,2025-07-17 22:45:47.459511
1945876165203198239,@brainjotter__ A new apartment and a high spec PC to learn Python programming. Help me boss. #Neoisplatnova,2025-07-17 16:00:05+00:00,1499831580788985873,0,0,0,0,Neutral,0.1481818181818182,0.4972727272727273,0.0740909090909091,python programming,2025-07-17 22:45:47.459532
1945876145402188229,"Learn how to think like a programmer at the #FWDCenter this summer!

AI Programming for Non-Programmers is a hands-on summer camp for middle and high schoolers curious about coding and AI.

Missed the July session? There is another chance next month üëâ https://t.co/ZOvdjdugJF. https://t.co/AuIOSO5zkv",2025-07-17 16:00:00+00:00,1417829924187017226,0,0,0,0,Neutral,0.015,0.385,0.02,python programming,2025-07-17 22:45:47.459548
1945876098165977535,"RT @__tensorcore__: üö®üî• CUTLASS 4.0 is released üî•üö®

pip install nvidia-cutlass-dsl

4.0 marks a major shift for CUTLASS: towards native GPU‚Ä¶",2025-07-17 15:59:49+00:00,1941157978901766145,84,0,0,0,Neutral,0.0625,0.5,0.03125,python programming,2025-07-17 22:45:47.459567
1945875506156417525,"I am trusted and Reliable for any Hacking or Account Recovery 
#ArtificialIntelligence #Telegram #DataScience #DataScientists #facebookdown #gmailhack #WhatsApp #CyberSecurity #Python #Coding  #gmaildown #100DaysOfCode #programming  #BigData #SnapChat #instagram #telegram https://t.co/vB5dZOWNae",2025-07-17 15:57:27+00:00,1643561812938432512,0,0,0,0,Neutral,0.0,0.0,0.0,python programming,2025-07-17 22:45:47.459586
1945875222420222383,"For any lost coins, wallet, pass phrase or Any account Problem contact me now
#ArtificialIntelligence #AI #ML #Bitcoin  #DataScientists #CodeNewbies #Tech #deeplearning #BNB  #Python #Coding  #TrustWallet #Blockchain #NFTs  #100DaysOfCode #programming #Linux #Binance  #trc20 https://t.co/wa7RjhCJem",2025-07-17 15:56:20+00:00,1643561812938432512,0,0,0,0,Neutral,0.0,0.0,0.0,python programming,2025-07-17 22:45:47.459601
1945875114232610998,"Python Programming ‚Äì Made Simple for Beginners! üêç

Master these basics and you'll be coding like a pro! üíª‚ú®

#Python #Programming #Coding #BeginnerFriendly #LearnPython #PythonBasics #CodeNewbie https://t.co/6CITSku6Gb",2025-07-17 15:55:54+00:00,2914964180,0,1,0,0,Neutral,0.0,0.35714285714285715,0.03125,python programming,2025-07-17 22:45:47.459621
1945875086583419298,"Contact me now for Hacking or Recovery of Any Account!
#reddit #RobloxDown #ROBLOX #gmaildown #gmailhack #DataScience #snaphack #CodeNewbies #Tech #deeplearning #snapchatleak #Python #Coding  #javascript #rstats #100DaysOfCode #programming #Linux #IoT #IIoT #BigData https://t.co/YX8Gr2FYU2",2025-07-17 15:55:47+00:00,1643561812938432512,0,0,0,0,Neutral,0.0,0.0,0.0,python programming,2025-07-17 22:45:47.459640
1945875072276939176,"RT @samicoder0: Master Python Programming: From Basics to Advanced Concepts""

1.Python Programming: Zero to Hero in 30 Days
2.Master Python‚Ä¶",2025-07-17 15:55:44+00:00,1939196177758724099,3,0,0,0,Positive,0.4,0.6,0.2,python programming,2025-07-17 22:45:47.459656
1945874958355517539,"RT @samicoder0: Master Python Programming: From Basics to Advanced Concepts""

1.Python Programming: Zero to Hero in 30 Days
2.Master Python‚Ä¶",2025-07-17 15:55:17+00:00,1859663289267126274,3,0,0,0,Positive,0.4,0.6,0.2,python programming,2025-07-17 22:45:47.459672
1945874916483408009,"Is your Account Hacked Dm now!
#Snapchat #snapchatdown #instagram #reddit #roblox #TikTok #Gmail #facebooksupport #DataScientists #CodeNewbies #gmaildown #Bitcoin   #BNB   #Facebook #Python #Coding  #robloxcondos #100DaysOfCode #programming #Linux #IoT #IIoT #instablock #WhatsApp https://t.co/u3TteKRqlB",2025-07-17 15:55:07+00:00,1643561812938432512,0,0,0,0,Neutral,0.0,0.0,0.0,python programming,2025-07-17 22:45:47.459689
1945874677072613835,"Spy on your girlfriend or boyfriend account without him/her suspecting or noticing
#Snapchat #facebookdown #instagram #facebooksupport #WhatsApp #CyberSecurity #Python #Coding  #Gmail #100DaysOfCode #programming #Linux #IoT #IIoT #BigData #teletram #gmaildown #reddit #RobloxDown https://t.co/gvGNG8pVIV",2025-07-17 15:54:10+00:00,1643561812938432512,0,0,0,0,Neutral,0.0,0.0,0.0,python programming,2025-07-17 22:45:47.459709
1945874578577703202,"Contact me now for support on Hacking or Services!
#ArtificialIntelligence #DataScience #DataScientists #CodeNewbies #Tech #deeplearning #CyberSecurity #Python #Coding  #javascript #rstats #100DaysOfCode #programming #Linux #IoT #IIoT #BigData #snapchatdown #instagram https://t.co/xMqlQVn2Aj",2025-07-17 15:53:46+00:00,1643561812938432512,0,0,0,0,Neutral,0.0,0.0,0.0,python programming,2025-07-17 22:45:47.459724
1945874567798337709,"When it comes to programming, not every language is designed to win a speed race.

Python isn‚Äôt fighting to be the fastest, it‚Äôs winning in being the most approachable, readable, and useful.

And that is why it‚Äôs still in demandüëá",2025-07-17 15:53:44+00:00,1919352581240877056,0,1,1,0,Positive,0.525,0.4125,0.2625,python programming,2025-07-17 22:45:47.459739
1945874432339095553,"I am at your service for Any Account Recovery and Hacking now
#snapchatdown #DataScience #DataScientists #CodeNewbies #Tech #deeplearning #Python #Coding  #javascript #rstats #100DaysOfCode #programming #Linux #IoT #IIoT #BigData #gmaildown #SNAPCHATLEAKED #ROBLOX #Discord https://t.co/2fr5xU0RwX",2025-07-17 15:53:11+00:00,1643561812938432512,0,0,0,0,Neutral,0.0,0.0,0.0,python programming,2025-07-17 22:45:47.459757
1945873929433690366,"It‚Äôs hilarious when people try to tell a tech guy such as myself about bots, someone who can LITERALLY build them from scratch using programming languages like Python, JavaScript, etc. These labels do be using bots. Case closed. Next case. https://t.co/tvCbF47vhB",2025-07-17 15:51:12+00:00,134194950,6,102,2,2,Neutral,0.1,0.4,0.0625,python programming,2025-07-17 22:45:47.459773
1945873469272461705,"As someone who started programming in C, writing code in Python feels like cheating.

You can import a library for almost everything.",2025-07-17 15:49:22+00:00,1344928554425987074,0,18,4,1,Neutral,0.0,0.0,0.022727272727272728,python programming,2025-07-17 22:45:47.459790
1945872311510327469,"RT @LifeWithDevante: It‚Äôs hilarious when people try to tell a tech guy such as myself about bots, someone who can LITERALLY build them from‚Ä¶",2025-07-17 15:44:46+00:00,816043329267830784,5,0,0,0,Positive,0.25,0.75,0.125,python programming,2025-07-17 22:45:47.460200
1945872114977784123,"Do you lost your account, you don‚Äôt have anything to worry about just send me a Dm for help now!!!
#ArtificialIntelligence #AI #ML #DataScience #DataScientists #snapchat #Python #Coding  #javascript #rstats #100DaysOfCode #programming #Linux #IoT #IIoT #BigData #Gmail",2025-07-17 15:43:59+00:00,1643561812938432512,0,0,0,0,Neutral,0.0,0.0,0.0,python programming,2025-07-17 22:45:47.460238
1945871901580288160,"RT @JOBCORNER247: Free Computer Science Certifications to try in 2025: 

üî∏GIT
https://t.co/quMliINyql

üî∏Python
https://t.co/xi4b4VgjWa

üî∏SQ‚Ä¶",2025-07-17 15:43:08+00:00,1615298498966192128,47,0,0,0,Positive,0.4,0.8,0.2,python programming,2025-07-17 22:45:47.460260
1945871692867248221,"RT @iam_chonchol: 5 FREE Programming Books for Developers üî•

1. Eloquent JS
https://t.co/dswkVRF6rl

2. Tackling TypeScript
https://t.co/uU‚Ä¶",2025-07-17 15:42:18+00:00,1245365715860885506,7,0,0,0,Positive,0.4,0.8,0.2,python programming,2025-07-17 22:45:47.460284
1945871668930552122,"RT @traderwillhu: How to Create a Stock Dashboard Using TradingView Charts Without Any Coding Skills

Even if you're starting from 0program‚Ä¶",2025-07-17 15:42:13+00:00,3421167441,32,0,0,0,Neutral,0.0,0.1,0.0,python programming,2025-07-17 22:45:47.460304
1945871339237081316,"Master Python Programming: From Basics to Advanced Concepts""

1.Python Programming: Zero to Hero in 30 Days
2.Master Python Programming-Build Real-World 
3.Python Programming Shortcut: Write Clean Code Faster

‚úÖLIKE &amp; RT‚ô•Ô∏èüîÅ
‚úÖCOMMENTüí¨""Code""
‚úÖ must be following @samicoder0 https://t.co/Oqip3OBESm",2025-07-17 15:40:54+00:00,1936838410196615168,3,7,5,0,Positive,0.2555555555555556,0.46666666666666673,0.14292929292929296,python programming,2025-07-17 22:45:47.460322
1945871186979659894,"RT @JOBCORNER247: Free Computer Science Certifications to try in 2025: 

üî∏GIT
https://t.co/quMliINyql

üî∏Python
https://t.co/xi4b4VgjWa

üî∏SQ‚Ä¶",2025-07-17 15:40:18+00:00,777225217269723136,47,0,0,0,Positive,0.4,0.8,0.2,python programming,2025-07-17 22:45:47.460342
1945871131157696963,"It‚Äôs hilarious when people try to tell a tech guy such as myself about bots, someone who can LITERALLY build them from scratch using programming languages like Python, JavaScript, Node.js, etc. These labels do be using bots. Case closed. Next case. https://t.co/rdJDR9sV7h",2025-07-17 15:40:04+00:00,134194950,5,12,0,0,Neutral,0.1,0.4,0.06219512195121951,python programming,2025-07-17 22:45:47.460360
1945871089676013752,"RT @Parajulisaroj16: Web development, scientific computing, data analysis, artificial intelligence, and more use¬†Python as a versatile prog‚Ä¶",2025-07-17 15:39:54+00:00,1738419407754280960,6,0,0,0,Neutral,-0.04999999999999999,0.75,-0.024999999999999994,python programming,2025-07-17 22:45:47.460379
1945870923825115154,"RT @pushpendratips: All programming Handwritten notesüî•

Just for FREE !!

‚Ä¢ html
‚Ä¢ CSS
‚Ä¢ Git
‚Ä¢ Sql
‚Ä¢ DSA
‚Ä¢ Java
‚Ä¢ DBMS
‚Ä¢ Python
‚Ä¢ Node.js
‚Ä¢‚Ä¶",2025-07-17 15:39:15+00:00,1426496225025527815,118,0,0,0,Positive,0.4,0.8,0.2,python programming,2025-07-17 22:45:47.460397
1945870904954687862,"Practical Python Programming Course (Free)
https://t.co/nECv8Ze2nQ",2025-07-17 15:39:10+00:00,477584314,1,6,0,0,Positive,0.4,0.8,0.2,python programming,2025-07-17 22:45:47.460415
1945870459586932844,"RT @pushpendratips: All programming Handwritten notesüî•

Just for FREE !!

‚Ä¢ html
‚Ä¢ CSS
‚Ä¢ Git
‚Ä¢ Sql
‚Ä¢ DSA
‚Ä¢ Java
‚Ä¢ DBMS
‚Ä¢ Python
‚Ä¢ Node.js
‚Ä¢‚Ä¶",2025-07-17 15:37:24+00:00,1269088449014804480,118,0,0,0,Positive,0.4,0.8,0.2,python programming,2025-07-17 22:45:47.460431
1945868985238462759,"Prediction: Within 12 months, Cursor will invent a programming language between python and English",2025-07-17 15:31:33+00:00,1648699406760255488,0,20,12,0,Neutral,0.0,0.0,0.0,python programming,2025-07-17 22:45:47.460450
1945866854548853018,"RT @pushpendratips: All programming Handwritten notesüî•

Just for FREE !!

‚Ä¢ html
‚Ä¢ CSS
‚Ä¢ Git
‚Ä¢ Sql
‚Ä¢ DSA
‚Ä¢ Java
‚Ä¢ DBMS
‚Ä¢ Python
‚Ä¢ Node.js
‚Ä¢‚Ä¶",2025-07-17 15:23:05+00:00,1736435699136819200,118,0,0,0,Positive,0.4,0.8,0.2,python programming,2025-07-17 22:45:47.461198
1945866708302143571,"RT @pushpendratips: All programming Handwritten notesüî•

Just for FREE !!

‚Ä¢ html
‚Ä¢ CSS
‚Ä¢ Git
‚Ä¢ Sql
‚Ä¢ DSA
‚Ä¢ Java
‚Ä¢ DBMS
‚Ä¢ Python
‚Ä¢ Node.js
‚Ä¢‚Ä¶",2025-07-17 15:22:30+00:00,1943317629760081921,118,0,0,0,Positive,0.4,0.8,0.2,python programming,2025-07-17 22:45:47.461338
1945865868262465947,"RT @Python_Dv: Python Question / Quiz;

What is the output of the following Python code, and why? ü§îüöÄ Comment your answers below! üëá

#python‚Ä¶",2025-07-17 15:19:10+00:00,1324389746710335490,2,0,0,0,Neutral,0.0,0.1,0.0,python programming,2025-07-17 22:45:47.461377
1945865047332327686,"@NicoChauvin74 True, but I would say that, at least for now, having good knowledge of ""systems/architecture design"" is still very needed to build anything interesting thats more than a simple webapp or python script.

As always, new tech / programming languages just move humans up in the stack",2025-07-17 15:15:54+00:00,2979974975,0,0,0,0,Positive,0.26079545454545455,0.470211038961039,0.14126729249011857,python programming,2025-07-17 22:45:47.461398
1945864440835944938,"RT @pushpendratips: All programming Handwritten notesüî•

Just for FREE !!

‚Ä¢ html
‚Ä¢ CSS
‚Ä¢ Git
‚Ä¢ Sql
‚Ä¢ DSA
‚Ä¢ Java
‚Ä¢ DBMS
‚Ä¢ Python
‚Ä¢ Node.js
‚Ä¢‚Ä¶",2025-07-17 15:13:29+00:00,822043057856151553,118,0,0,0,Positive,0.4,0.8,0.2,python programming,2025-07-17 22:45:47.461421
1945864409332785313,"PYTHON PROGRAMMING - LOOPS | WHILE LOOP IN PYTHON
https://t.co/OrshUc9Dws",2025-07-17 15:13:22+00:00,1741665166218211328,0,1,0,0,Neutral,0.0,0.0,0.0,python programming,2025-07-17 22:45:47.461440
1945864001042190743,"@YegoJude @NateXclusive_ Python to me is Pythonidae, to you its a programming language. Stick to what you know.",2025-07-17 15:11:44+00:00,336438918,0,0,1,0,Neutral,0.0,0.0,0.0,python programming,2025-07-17 22:45:47.461457
1945863290556465578,"Íí∞üçÉÍí± 07.17.25‚Äî lf clients ,rush and non-rush commissions in: 

- Programming: Java, Python, C++
Computer Science , Electronics,
-Chemistry, Biology, Laboratory Experiment
- Essays, Movie Reviews, Reflections, Research in English &amp; Filipino

Direct Message for more info.",2025-07-17 15:08:55+00:00,1494191459641475074,0,0,0,0,Neutral,0.19999999999999998,0.3,0.09999999999999999,python programming,2025-07-17 22:45:47.461474
1945863197959106898,"RT @pushpendratips: All programming Handwritten notesüî•

Just for FREE !!

‚Ä¢ html
‚Ä¢ CSS
‚Ä¢ Git
‚Ä¢ Sql
‚Ä¢ DSA
‚Ä¢ Java
‚Ä¢ DBMS
‚Ä¢ Python
‚Ä¢ Node.js
‚Ä¢‚Ä¶",2025-07-17 15:08:33+00:00,1935708237371957248,118,0,0,0,Positive,0.4,0.8,0.2,python programming,2025-07-17 22:45:47.461493
1945863196012868079,"Start with Python for programming basics, then explore machine learning with libraries like TensorFlow or PyTorch. Take online courses and work on projects to solidify your understanding.",2025-07-17 15:08:32+00:00,3056645517,0,0,0,0,Neutral,0.0,0.0,0.018518518518518517,python programming,2025-07-17 22:45:47.461511
1945862817430552984,"RT @pushpendratips: All programming Handwritten notesüî•

Just for FREE !!

‚Ä¢ html
‚Ä¢ CSS
‚Ä¢ Git
‚Ä¢ Sql
‚Ä¢ DSA
‚Ä¢ Java
‚Ä¢ DBMS
‚Ä¢ Python
‚Ä¢ Node.js
‚Ä¢‚Ä¶",2025-07-17 15:07:02+00:00,1863520199346888704,118,0,0,0,Positive,0.4,0.8,0.2,python programming,2025-07-17 22:45:47.461528
1945862425942618389,"2000Âπ¥„Åè„Çâ„ÅÑ„Åæ„Åß„ÅØC„ÅÆÂã¢„ÅÑ„Åå„Åô„Åî„ÅÑ„Å≠„ÄÇ„Åù„ÅÆÂæå„ÅØPython „ÅÆËøΩ„ÅÑ‰∏ä„Åí„Åå„Åô„Åî„ÅÑ„ÄÇ
„Åì„Çå„ÄÅÁµÑ„ÅøËæº„ÅøÁ≥ª„Å´Áµû„Å£„Åü„Çâ„Å©„ÅÜ„Å™„Çã„ÅÆ„Å†„Çç„ÅÜÔºüËààÂë≥Ê¥•„ÄÖÔºÅ

Most Popular Programming Languages: Data from 1958 to 2025 https://t.co/0FBtgsjCTr @YouTube„Çà„Çä",2025-07-17 15:05:29+00:00,1858868254519029765,0,1,0,0,Positive,0.55,0.7,0.275,python programming,2025-07-17 22:45:47.461552
1945862383081234904,"RT @traderwillhu: How to Create a Stock Dashboard Using TradingView Charts Without Any Coding Skills

Even if you're starting from 0program‚Ä¶",2025-07-17 15:05:19+00:00,1031438653971521537,32,0,0,0,Neutral,0.0,0.1,0.0,python programming,2025-07-17 22:45:47.461571
1945862136799867218,"RT @JOBCORNER247: Free Certification Courses to Learn Data Analytics in 2025:

1. Python
üîó https://t.co/b2Pg9lFcse

2. SQL
üîó https://t.co/W‚Ä¶",2025-07-17 15:04:20+00:00,1059854684,203,0,0,0,Positive,0.4,0.8,0.2,python programming,2025-07-17 22:45:47.461589
1945861467963552117,"Marketing Analytics in Apache Spark 

https://t.co/5QmrWaD3Pm

#apachespark #hadoop #programming #programmer #developer #code #codinglife #tech #100DaysOfCode #bigdata #ML #DataScience #Analytics #AI #IIoT #PyTorch #Python #RStats #TensorFlow #CloudComputing #Serverless #R https://t.co/QAgNzm8tEV",2025-07-17 15:01:40+00:00,4375073113,0,0,0,0,Neutral,0.0,0.0,0.0,python programming,2025-07-17 22:45:47.461610
1945861002563821815,"RT @pushpendratips: All programming Handwritten notesüî•

Just for FREE !!

‚Ä¢ html
‚Ä¢ CSS
‚Ä¢ Git
‚Ä¢ Sql
‚Ä¢ DSA
‚Ä¢ Java
‚Ä¢ DBMS
‚Ä¢ Python
‚Ä¢ Node.js
‚Ä¢‚Ä¶",2025-07-17 14:59:50+00:00,1939182282226704385,118,0,0,0,Positive,0.4,0.8,0.2,python programming,2025-07-17 22:45:47.461631
1945860552099807386,"@astral_sh published a guide on moving from a pip and pip‚Äëtools workflow based on requirements files to uv‚Äôs project workflow using pyproject.toml &amp; uv.lock

https://t.co/f2fOVIfT4p

#python #Programming #PythonProgramming #ai #ml #SoftwareDevelopment #TechNews #OpenSource",2025-07-17 14:58:02+00:00,1686293084328656896,0,0,0,0,Neutral,0.0,0.0,0.0,python programming,2025-07-17 22:45:47.461651
1945860110632321446,"RT @pyquantnews: This free book introduces the basic concepts of Python programming.

Go beyond syntax and think like a programmer:

https:‚Ä¶",2025-07-17 14:56:17+00:00,3022835245,5,0,0,0,Positive,0.2,0.4625,0.12631578947368421,python programming,2025-07-17 22:45:47.461671
1945858664960835930,"Dissertations, Research projects, Essays, Reflections, Critique Paper, Movie Review
üç©Game/App Development
üç©Programming in C, C++, Python, Java,C#,Html/CSS, JavaScript
üç©Web development
üç©Any kind of Diagrams
  #HBCUs #TAMU #GSU #PVMU https://t.co/mWlNfNRPGK",2025-07-17 14:50:32+00:00,1647527845340622852,0,0,0,0,Positive,0.6,0.9,0.3,python programming,2025-07-17 22:45:47.461882
1945858597700968830,"Dissertations, Research projects, Essays, Reflections, Critique Paper, Movie Review
üç©Game/App Development
üç©Programming in C, C++, Python, Java,C#,Html/CSS, JavaScript
üç©Web development
üç©Any kind of Diagrams
  #HBCUs #TAMU #GSU #PVMU",2025-07-17 14:50:16+00:00,1647527845340622852,0,0,0,0,Positive,0.6,0.9,0.3,python programming,2025-07-17 22:45:47.461921
1945858526771110060,"Reach us for:
pay us to do:
calculus class
Finance class 
math class
physics class
Summer classes
essay
chemistry class
statistics class
biology class
pay someone
assignment due
#HTML #HTML5 #CSS #javascript #programming #code #coding #python #Java #Trending",2025-07-17 14:49:59+00:00,1647527845340622852,0,0,0,0,Neutral,-0.125,0.375,-0.0625,python programming,2025-07-17 22:45:47.461951
